Сумка женская 122 5029,5 240,6 550,https://sakvoyazh-online.ru/catalog/zhenskoe/sumki_zhenskie/sumka_zhenskaya_122_5029/
Сумка женская 122 8872,5 240,6 550,https://sakvoyazh-online.ru/catalog/zhenskoe/sumki_zhenskie/sumka_zhenskaya_122_8872/
Сумка женская 122 6381,4 799.20,5 999,https://sakvoyazh-online.ru/catalog/zhenskoe/sumki_zhenskie/sumka_zhenskaya_122_6381/
Сумка женская 122 9261,4 640,5 800,https://sakvoyazh-online.ru/catalog/zhenskoe/sumki_zhenskie/sumka_zhenskaya_122_9261/
Сумка женская 122 9257,4 799.20,5 999,https://sakvoyazh-online.ru/catalog/zhenskoe/sumki_zhenskie/sumka_zhenskaya_122_9257/
Сумка женская 122 6736,3 560,4 450,https://sakvoyazh-online.ru/catalog/zhenskoe/sumki_zhenskie/sumka_zhenskaya_122_6736/
Сумка женская 122 6755,5 480,6 850,https://sakvoyazh-online.ru/catalog/zhenskoe/sumki_zhenskie/sumka_zhenskaya_122_6755/
Сумка женская 122 88329,3 160,3 950,https://sakvoyazh-online.ru/catalog/zhenskoe/sumki_zhenskie/sumka_zhenskaya_122_88329/
Сумка женская 122 9010,5 880,7 350,https://sakvoyazh-online.ru/catalog/zhenskoe/sumki_zhenskie/sumka_zhenskaya_122_9010/
Сумка женская 122 8607,4 400,5 500,https://sakvoyazh-online.ru/catalog/zhenskoe/sumki_zhenskie/sumka_zhenskaya_122_8607/
Сумка женская 122 6701,5 680,7 100,https://sakvoyazh-online.ru/catalog/zhenskoe/sumki_zhenskie/sumka_zhenskaya_122_6701/
Сумка женская 122 70287,4 200,5 250,https://sakvoyazh-online.ru/catalog/zhenskoe/sumki_zhenskie/sumka_zhenskaya_122_70287/
Сумка женская 122 70312,4 200,5 250,https://sakvoyazh-online.ru/catalog/zhenskoe/sumki_zhenskie/sumka_zhenskaya_122_70312/
Сумка женская 122 70289,5 880,7 350,https://sakvoyazh-online.ru/catalog/zhenskoe/sumki_zhenskie/sumka_zhenskaya_122_70289/
Сумка женская 122 70315,4 400,5 500,https://sakvoyazh-online.ru/catalog/zhenskoe/sumki_zhenskie/sumka_zhenskaya_122_70315/
Сумка женская 122 77305,4 400,5 500,https://sakvoyazh-online.ru/catalog/zhenskoe/sumki_zhenskie/sumka_zhenskaya_122_77305/
Сумка женская 122 89-8357,5 480,6 850,https://sakvoyazh-online.ru/catalog/zhenskoe/sumki_zhenskie/sumka_zhenskaya_122_89_8357/
Сумка женская 122 89-8361,5 480,6 850,https://sakvoyazh-online.ru/catalog/zhenskoe/sumki_zhenskie/sumka_zhenskaya_122_89_8361/
Сумка женская 122 6716,5 040,6 300,https://sakvoyazh-online.ru/catalog/zhenskoe/sumki_zhenskie/sumka_zhenskaya_122_6716/
Сумка женская 122 9796,6 080,7 600,https://sakvoyazh-online.ru/catalog/zhenskoe/sumki_zhenskie/sumka_zhenskaya_122_9796/
Сумка женская 122 9622,6 080,7 600,https://sakvoyazh-online.ru/catalog/zhenskoe/sumki_zhenskie/sumka_zhenskaya_122_9622/
Сумка женская 122 89-6387,5 680,7 100,https://sakvoyazh-online.ru/catalog/zhenskoe/sumki_zhenskie/sumka_zhenskaya_122_89_6387/
Сумка женская 122 89512,5 680,7 100,https://sakvoyazh-online.ru/catalog/zhenskoe/sumki_zhenskie/sumka_zhenskaya_122_89512/
Сумка женская 122 89509,5 480,6 850,https://sakvoyazh-online.ru/catalog/zhenskoe/sumki_zhenskie/sumka_zhenskaya_122_89509/
Сумка женская 122 23001,5 680,7 100,https://sakvoyazh-online.ru/catalog/zhenskoe/sumki_zhenskie/sumka_zhenskaya_122_23001/
Сумка женская 122 65-21,4 799.20,5 999,https://sakvoyazh-online.ru/catalog/zhenskoe/sumki_zhenskie/sumka_zhenskaya_122_65_21/
Сумка женская 122 1108,5 480,6 850,https://sakvoyazh-online.ru/catalog/zhenskoe/sumki_zhenskie/sumka_zhenskaya_122_1108/
Сумка женская 122 22-10,5 040,6 300,https://sakvoyazh-online.ru/catalog/zhenskoe/sumki_zhenskie/sumka_zhenskaya_122_22_10/
Сумка женская 122 8223,5 240,6 550,https://sakvoyazh-online.ru/catalog/zhenskoe/sumki_zhenskie/sumka_zhenskaya_122_8223/
Сумка женская 122 8348,5 680,7 100,https://sakvoyazh-online.ru/catalog/zhenskoe/sumki_zhenskie/sumka_zhenskaya_122_8348/
Сумка женская 122 5029,5 240,6 550,https://sakvoyazh-online.ru/catalog/zhenskoe/sumki_zhenskie/sumka_zhenskaya_122_5029/
Сумка женская 122 8872,5 240,6 550,https://sakvoyazh-online.ru/catalog/zhenskoe/sumki_zhenskie/sumka_zhenskaya_122_8872/
Сумка женская 122 6381,4 799.20,5 999,https://sakvoyazh-online.ru/catalog/zhenskoe/sumki_zhenskie/sumka_zhenskaya_122_6381/
Сумка женская 122 9261,4 640,5 800,https://sakvoyazh-online.ru/catalog/zhenskoe/sumki_zhenskie/sumka_zhenskaya_122_9261/
Сумка женская 122 9257,4 799.20,5 999,https://sakvoyazh-online.ru/catalog/zhenskoe/sumki_zhenskie/sumka_zhenskaya_122_9257/
Сумка женская 122 6736,3 560,4 450,https://sakvoyazh-online.ru/catalog/zhenskoe/sumki_zhenskie/sumka_zhenskaya_122_6736/
Сумка женская 122 6755,5 480,6 850,https://sakvoyazh-online.ru/catalog/zhenskoe/sumki_zhenskie/sumka_zhenskaya_122_6755/
Сумка женская 122 88329,3 160,3 950,https://sakvoyazh-online.ru/catalog/zhenskoe/sumki_zhenskie/sumka_zhenskaya_122_88329/
Сумка женская 122 9010,5 880,7 350,https://sakvoyazh-online.ru/catalog/zhenskoe/sumki_zhenskie/sumka_zhenskaya_122_9010/
Сумка женская 122 8607,4 400,5 500,https://sakvoyazh-online.ru/catalog/zhenskoe/sumki_zhenskie/sumka_zhenskaya_122_8607/
Сумка женская 122 6701,5 680,7 100,https://sakvoyazh-online.ru/catalog/zhenskoe/sumki_zhenskie/sumka_zhenskaya_122_6701/
Сумка женская 122 70287,4 200,5 250,https://sakvoyazh-online.ru/catalog/zhenskoe/sumki_zhenskie/sumka_zhenskaya_122_70287/
Сумка женская 122 70312,4 200,5 250,https://sakvoyazh-online.ru/catalog/zhenskoe/sumki_zhenskie/sumka_zhenskaya_122_70312/
Сумка женская 122 70289,5 880,7 350,https://sakvoyazh-online.ru/catalog/zhenskoe/sumki_zhenskie/sumka_zhenskaya_122_70289/
Сумка женская 122 70315,4 400,5 500,https://sakvoyazh-online.ru/catalog/zhenskoe/sumki_zhenskie/sumka_zhenskaya_122_70315/
Сумка женская 122 77305,4 400,5 500,https://sakvoyazh-online.ru/catalog/zhenskoe/sumki_zhenskie/sumka_zhenskaya_122_77305/
Сумка женская 122 89-8357,5 480,6 850,https://sakvoyazh-online.ru/catalog/zhenskoe/sumki_zhenskie/sumka_zhenskaya_122_89_8357/
Сумка женская 122 89-8361,5 480,6 850,https://sakvoyazh-online.ru/catalog/zhenskoe/sumki_zhenskie/sumka_zhenskaya_122_89_8361/
Сумка женская 122 6716,5 040,6 300,https://sakvoyazh-online.ru/catalog/zhenskoe/sumki_zhenskie/sumka_zhenskaya_122_6716/
Сумка женская 122 9796,6 080,7 600,https://sakvoyazh-online.ru/catalog/zhenskoe/sumki_zhenskie/sumka_zhenskaya_122_9796/
Сумка женская 122 9622,6 080,7 600,https://sakvoyazh-online.ru/catalog/zhenskoe/sumki_zhenskie/sumka_zhenskaya_122_9622/
Сумка женская 122 89-6387,5 680,7 100,https://sakvoyazh-online.ru/catalog/zhenskoe/sumki_zhenskie/sumka_zhenskaya_122_89_6387/
Сумка женская 122 89512,5 680,7 100,https://sakvoyazh-online.ru/catalog/zhenskoe/sumki_zhenskie/sumka_zhenskaya_122_89512/
Сумка женская 122 89509,5 480,6 850,https://sakvoyazh-online.ru/catalog/zhenskoe/sumki_zhenskie/sumka_zhenskaya_122_89509/
Сумка женская 122 23001,5 680,7 100,https://sakvoyazh-online.ru/catalog/zhenskoe/sumki_zhenskie/sumka_zhenskaya_122_23001/
Сумка женская 122 65-21,4 799.20,5 999,https://sakvoyazh-online.ru/catalog/zhenskoe/sumki_zhenskie/sumka_zhenskaya_122_65_21/
Сумка женская 122 1108,5 480,6 850,https://sakvoyazh-online.ru/catalog/zhenskoe/sumki_zhenskie/sumka_zhenskaya_122_1108/
Сумка женская 122 22-10,5 040,6 300,https://sakvoyazh-online.ru/catalog/zhenskoe/sumki_zhenskie/sumka_zhenskaya_122_22_10/
Сумка женская 122 8223,5 240,6 550,https://sakvoyazh-online.ru/catalog/zhenskoe/sumki_zhenskie/sumka_zhenskaya_122_8223/
Сумка женская 122 8348,5 680,7 100,https://sakvoyazh-online.ru/catalog/zhenskoe/sumki_zhenskie/sumka_zhenskaya_122_8348/
Сумка женская 122 8290,5 680,7 100,https://sakvoyazh-online.ru/catalog/zhenskoe/sumki_zhenskie/sumka_zhenskaya_122_8290/
Сумка женская 122 77-77С,5 880,7 350,https://sakvoyazh-online.ru/catalog/zhenskoe/sumki_zhenskie/sumka_zhenskaya_122_77_77s/
Сумка женская 122 6519,4 400,5 500,https://sakvoyazh-online.ru/catalog/zhenskoe/sumki_zhenskie/sumka_zhenskaya_122_6519/
Сумка женская 122 6536,4 799.20,5 999,https://sakvoyazh-online.ru/catalog/zhenskoe/sumki_zhenskie/sumka_zhenskaya_122_6536/
Сумка женская 122 6551,3 999.20,4 999,https://sakvoyazh-online.ru/catalog/zhenskoe/sumki_zhenskie/sumka_zhenskaya_122_6551/
Сумка женская 122 6552,3 999.20,4 999,https://sakvoyazh-online.ru/catalog/zhenskoe/sumki_zhenskie/sumka_zhenskaya_122_6552/
Сумка женская 122 6553,3 360,4 200,https://sakvoyazh-online.ru/catalog/zhenskoe/sumki_zhenskie/sumka_zhenskaya_122_6553/
Сумка женская 122 6562,3 360,4 200,https://sakvoyazh-online.ru/catalog/zhenskoe/sumki_zhenskie/sumka_zhenskaya_122_6562/
Сумка женская 122 6565,3 999.20,4 999,https://sakvoyazh-online.ru/catalog/zhenskoe/sumki_zhenskie/sumka_zhenskaya_122_6565/
Сумка женская 122 6567,3 999.20,4 999,https://sakvoyazh-online.ru/catalog/zhenskoe/sumki_zhenskie/sumka_zhenskaya_122_6567/
Сумка женская 122 6582,3 560,4 450,https://sakvoyazh-online.ru/catalog/zhenskoe/sumki_zhenskie/sumka_zhenskaya_122_6582/
Сумка женская 122 6585,3 999.20,4 999,https://sakvoyazh-online.ru/catalog/zhenskoe/sumki_zhenskie/sumka_zhenskaya_122_6585/
Сумка женская 122 6589,3 360,4 200,https://sakvoyazh-online.ru/catalog/zhenskoe/sumki_zhenskie/sumka_zhenskaya_122_6589/
Сумка женская 122 6595,3 999.20,4 999,https://sakvoyazh-online.ru/catalog/zhenskoe/sumki_zhenskie/sumka_zhenskaya_122_6595/
Сумка женская 122 21-24,3 480,4 350,https://sakvoyazh-online.ru/catalog/zhenskoe/sumki_zhenskie/sumka_zhenskaya_122_21_24/
Сумка женская 122 9787,4 799.20,5 999,https://sakvoyazh-online.ru/catalog/zhenskoe/sumki_zhenskie/sumka_zhenskaya_122_9787/
Сумка женская 122 99127,3 120,3 900,https://sakvoyazh-online.ru/catalog/zhenskoe/sumki_zhenskie/sumka_zhenskaya_122_99127/
Сумка женская 122 8619,2 920,3 650,https://sakvoyazh-online.ru/catalog/zhenskoe/sumki_zhenskie/sumka_zhenskaya_122_8619/
Сумка женская 122 8377,5 040,6 300,https://sakvoyazh-online.ru/catalog/zhenskoe/sumki_zhenskie/sumka_zhenskaya_122_8377/
Сумка женская 122 21-25,3 800,4 750,https://sakvoyazh-online.ru/catalog/zhenskoe/sumki_zhenskie/sumka_zhenskaya_122_21_25/
Сумка женская 122 6060,4 480,5 600,https://sakvoyazh-online.ru/catalog/zhenskoe/sumki_zhenskie/sumka_zhenskaya_122_6060/
Сумка женская 122 6008,4 080,5 100,https://sakvoyazh-online.ru/catalog/zhenskoe/sumki_zhenskie/sumka_zhenskaya_122_6008/
Сумка женская 122 1887,4 480,5 600,https://sakvoyazh-online.ru/catalog/zhenskoe/sumki_zhenskie/sumka_zhenskaya_122_1887/
Сумка женская 122 21-35,5 240,6 550,https://sakvoyazh-online.ru/catalog/zhenskoe/sumki_zhenskie/sumka_zhenskaya_122_21_35/
Сумка женская 122 9785,6 000,7 500,https://sakvoyazh-online.ru/catalog/zhenskoe/sumki_zhenskie/sumka_zhenskaya_122_9785/
Сумка женская 122 9783,5 240,6 550,https://sakvoyazh-online.ru/catalog/zhenskoe/sumki_zhenskie/sumka_zhenskaya_122_9783/
Сумка женская 122 5030,5 040,6 300,https://sakvoyazh-online.ru/catalog/zhenskoe/sumki_zhenskie/sumka_zhenskaya_122_5030/
Сумка женская 122 9769,5 240,6 550,https://sakvoyazh-online.ru/catalog/zhenskoe/sumki_zhenskie/sumka_zhenskaya_122_9769/
Сумка женская 122 9786,5 040,6 300,https://sakvoyazh-online.ru/catalog/zhenskoe/sumki_zhenskie/sumka_zhenskaya_122_9786/
Сумка женская 122 9086,5 599.20,6 999,https://sakvoyazh-online.ru/catalog/zhenskoe/sumki_zhenskie/sumka_zhenskaya_122_9086/
Сумка женская 122 2205,4 799.20,5 999,https://sakvoyazh-online.ru/catalog/zhenskoe/sumki_zhenskie/sumka_zhenskaya_122_2205/
Сумка женская 122 6590,3 120,3 900,https://sakvoyazh-online.ru/catalog/zhenskoe/sumki_zhenskie/sumka_zhenskaya_122_6590/
Сумка женская 122 9071,5 440,6 800,https://sakvoyazh-online.ru/catalog/zhenskoe/sumki_zhenskie/sumka_zhenskaya_122_9071/
Сумка женская 122 9021,5 440,6 800,https://sakvoyazh-online.ru/catalog/zhenskoe/sumki_zhenskie/sumka_zhenskaya_122_9021/
Сумка женская 122 1188,5 440,6 800,https://sakvoyazh-online.ru/catalog/zhenskoe/sumki_zhenskie/sumka_zhenskaya_122_1188/
Сумка женская 122 3336,5 240,6 550,https://sakvoyazh-online.ru/catalog/zhenskoe/sumki_zhenskie/sumka_zhenskaya_122_3336/
Сумка женская 122 21-50,5 240,6 550,https://sakvoyazh-online.ru/catalog/zhenskoe/sumki_zhenskie/sumka_zhenskaya_122_21_50/
Сумка женская 122 5-3035,4 640,5 800,https://sakvoyazh-online.ru/catalog/zhenskoe/sumki_zhenskie/sumka_zhenskaya_122_5_3035/
Сумка женская 122 22-09,4 640,5 800,https://sakvoyazh-online.ru/catalog/zhenskoe/sumki_zhenskie/sumka_zhenskaya_122_22_09/
Сумка женская 122 8259,5 880,7 350,https://sakvoyazh-online.ru/catalog/zhenskoe/sumki_zhenskie/sumka_zhenskaya_122_8259/
Сумка женская BW-0559,9 000,11 250,https://sakvoyazh-online.ru/catalog/zhenskoe/sumki_zhenskie/sumka_zhenskaya_bw_0559/
Сумка женская BW-0435,10 360./,12 950,https://sakvoyazh-online.ru/catalog/zhenskoe/sumki_zhenskie/sumka_zhenskaya_bw_0435/
Сумка женская BW-0724,8 240,10 300,https://sakvoyazh-online.ru/catalog/zhenskoe/sumki_zhenskie/sumka_zhenskaya_bw_0724/
Сумка женская BW-0612,7 000,8 750,https://sakvoyazh-online.ru/catalog/zhenskoe/sumki_zhenskie/sumka_zhenskaya_bw_0612/
Сумка женская MH 8931-9,3 999.20,4 999,https://sakvoyazh-online.ru/catalog/zhenskoe/sumki_zhenskie/sumka_zhenskaya_mh_8931_9/
Сумка женская MH 8913,4 200,5 250,https://sakvoyazh-online.ru/catalog/zhenskoe/sumki_zhenskie/sumka_zhenskaya_mh_8913/
Сумка женская MH 97025,3 800,4 750,https://sakvoyazh-online.ru/catalog/zhenskoe/sumki_zhenskie/sumka_zhenskaya_mh_97025/
Сумка женская MH 8917-9,4 792,5 990,https://sakvoyazh-online.ru/catalog/zhenskoe/sumki_zhenskie/sumka_zhenskaya_mh_8917_9/
Сумка женская MH 3265,5 360,6 700,https://sakvoyazh-online.ru/catalog/zhenskoe/sumki_zhenskie/sumka_zhenskaya_mh_3265/
Сумка женская MH 3258,5 200,6 500,https://sakvoyazh-online.ru/catalog/zhenskoe/sumki_zhenskie/sumka_zhenskaya_mh_3258/
Сумка женская 159 1998,4 720,5 900,https://sakvoyazh-online.ru/catalog/zhenskoe/sumki_zhenskie/sumka_zhenskaya_159_1998/
Сумка женская 159 8631,3 160,3 950,https://sakvoyazh-online.ru/catalog/zhenskoe/sumki_zhenskie/sumka_zhenskaya_159_8631/
Сумка женская 159 826,3 560,4 450,https://sakvoyazh-online.ru/catalog/zhenskoe/sumki_zhenskie/sumka_zhenskaya_159_826/
Сумка женская 159 1995,4 560,5 700,https://sakvoyazh-online.ru/catalog/zhenskoe/sumki_zhenskie/sumka_zhenskaya_159_1995/
Сумка женская 159 99-1,3 080,3 850,https://sakvoyazh-online.ru/catalog/zhenskoe/sumki_zhenskie/sumka_zhenskaya_159_99_1/
Сумка женская 159 90118,2 360,2 950,https://sakvoyazh-online.ru/catalog/zhenskoe/sumki_zhenskie/sumka_zhenskaya_159_90118/
Сумка женская 159 2011,4 360,5 450,https://sakvoyazh-online.ru/catalog/zhenskoe/sumki_zhenskie/sumka_zhenskaya_159_2011/
Сумка женская 159 2012,4 720,5 900,https://sakvoyazh-online.ru/catalog/zhenskoe/sumki_zhenskie/sumka_zhenskaya_159_2012/
Сумка женская 159 2013,4 640,5 800,https://sakvoyazh-online.ru/catalog/zhenskoe/sumki_zhenskie/sumka_zhenskaya_159_2013/
Сумка женская 159 2050,4 440,5 550,https://sakvoyazh-online.ru/catalog/zhenskoe/sumki_zhenskie/sumka_zhenskaya_159_2050/
Сумка женская 159 837,3 840,4 800,https://sakvoyazh-online.ru/catalog/zhenskoe/sumki_zhenskie/sumka_zhenskaya_159_837/
Сумка женская B105 5637,1 200,1 500,https://sakvoyazh-online.ru/catalog/zhenskoe/sumki_zhenskie/sumka_zhenskaya_b105_5637/
Сумка женская B105 6918,1 280,1 600,https://sakvoyazh-online.ru/catalog/zhenskoe/sumki_zhenskie/sumka_zhenskaya_b105_6918/
Сумка женская B105 2021,1 480,1 850,https://sakvoyazh-online.ru/catalog/zhenskoe/sumki_zhenskie/sumka_zhenskaya_b105_2021/
Сумка женская BW-0694,6 360,7 950,https://sakvoyazh-online.ru/catalog/zhenskoe/sumki_zhenskie/sumka_zhenskaya_bw_0694/
Сумка женская BW-0625,8 480,10 600,https://sakvoyazh-online.ru/catalog/zhenskoe/sumki_zhenskie/sumka_zhenskaya_bw_0625/
Сумка женская BW-0621,6 080,7 600,https://sakvoyazh-online.ru/catalog/zhenskoe/sumki_zhenskie/sumka_zhenskaya_bw_0621/
Сумка женская BW-0597,8 800,11 000,https://sakvoyazh-online.ru/catalog/zhenskoe/sumki_zhenskie/sumka_zhenskaya_bw_0597/
Сумка женская BW-0581,7 200,9 000,https://sakvoyazh-online.ru/catalog/zhenskoe/sumki_zhenskie/sumka_zhenskaya_bw_0581/
Сумка женская BW-0557,7 360,9 200,https://sakvoyazh-online.ru/catalog/zhenskoe/sumki_zhenskie/sumka_zhenskaya_bw_0557/
Сумка женская BW-0530,7 840,9 800,https://sakvoyazh-online.ru/catalog/zhenskoe/sumki_zhenskie/sumka_zhenskaya_bw_0530/
Сумка женская BW-0434,6 680,8 350,https://sakvoyazh-online.ru/catalog/zhenskoe/sumki_zhenskie/sumka_zhenskaya_bw_0434/
Сумка женская BW-0592,6 960,8 700,https://sakvoyazh-online.ru/catalog/zhenskoe/sumki_zhenskie/sumka_zhenskaya_bw_0592/
Сумка женская BW-0506,10 480./,13 100,https://sakvoyazh-online.ru/catalog/zhenskoe/sumki_zhenskie/sumka_zhenskaya_bw_0506/
Сумка женская BW-0479,9 520,11 900,https://sakvoyazh-online.ru/catalog/zhenskoe/sumki_zhenskie/sumka_zhenskaya_bw_0479/
Сумка женская BW-0549,10 800./,13 500,https://sakvoyazh-online.ru/catalog/zhenskoe/sumki_zhenskie/sumka_zhenskaya_bw_0549/
Сумка женская BW-0539,10 392./,12 990,https://sakvoyazh-online.ru/catalog/zhenskoe/sumki_zhenskie/sumka_zhenskaya_bw_0539/
Сумка женская MH 8909-9,5 600,7 000,https://sakvoyazh-online.ru/catalog/zhenskoe/sumki_zhenskie/sumka_zhenskaya_mh_8909_9/
Рюкзак женский MH 77295,6 160,7 700,https://sakvoyazh-online.ru/catalog/zhenskoe/sumki_zhenskie/ryukzak_zhenskiy_mh_77295/
Сумка женская MH 3167,7 400,9 250,https://sakvoyazh-online.ru/catalog/zhenskoe/sumki_zhenskie/sumka_zhenskaya_mh_3167/
Сумка женская MH 3151,6 320,7 900,https://sakvoyazh-online.ru/catalog/zhenskoe/sumki_zhenskie/sumka_zhenskaya_mh_3151/
Сумка женская MH 2230,7 520,9 400,https://sakvoyazh-online.ru/catalog/zhenskoe/sumki_zhenskie/sumka_zhenskaya_mh_2230/
Сумка женская MH 3171,4 680,5 850,https://sakvoyazh-online.ru/catalog/zhenskoe/sumki_zhenskie/sumka_zhenskaya_mh_3171/
Сумка женская MH 97006,4 560,5 700,https://sakvoyazh-online.ru/catalog/zhenskoe/sumki_zhenskie/sumka_zhenskaya_mh_97006/
Сумка женская 1201 AL9248,5 240,6 550,https://sakvoyazh-online.ru/catalog/zhenskoe/sumki_zhenskie/sumka_zhenskaya_1201_al9248/
Сумка женская 1201 8188,3 999.20,4 999,https://sakvoyazh-online.ru/catalog/zhenskoe/sumki_zhenskie/sumka_zhenskaya_1201_8188/
Сумка женская I3003 YS9050,6 000,7 500,https://sakvoyazh-online.ru/catalog/zhenskoe/sumki_zhenskie/sumka_zhenskaya_i3003_ys9050/
Сумка женская MH 3166,6 800,8 500,https://sakvoyazh-online.ru/catalog/zhenskoe/sumki_zhenskie/sumka_zhenskaya_mh_3166/
Сумка женская MH 3161,7 080,8 850,https://sakvoyazh-online.ru/catalog/zhenskoe/sumki_zhenskie/sumka_zhenskaya_mh_3161/
Сумка женская MH 3150,6 880,8 600,https://sakvoyazh-online.ru/catalog/zhenskoe/sumki_zhenskie/sumka_zhenskaya_mh_3150/
Сумка женская MH 8837,4 400,5 500,https://sakvoyazh-online.ru/catalog/zhenskoe/sumki_zhenskie/sumka_zhenskaya_mh_8837/
Сумка женская MH 8159,3 440,4 300,https://sakvoyazh-online.ru/catalog/zhenskoe/sumki_zhenskie/sumka_zhenskaya_mh_8159/
Сумка женская MH 7771,7 640,9 550,https://sakvoyazh-online.ru/catalog/zhenskoe/sumki_zhenskie/sumka_zhenskaya_mh_7771/
Сумка женская MH 7770,7 640,9 550,https://sakvoyazh-online.ru/catalog/zhenskoe/sumki_zhenskie/sumka_zhenskaya_mh_7770/
Сумка женская MH 7766,7 920,9 900,https://sakvoyazh-online.ru/catalog/zhenskoe/sumki_zhenskie/sumka_zhenskaya_mh_7766/
Сумка женская MH 7761,5 720,7 150,https://sakvoyazh-online.ru/catalog/zhenskoe/sumki_zhenskie/sumka_zhenskaya_mh_7761/
Сумка женская MH 7757,6 360,7 950,https://sakvoyazh-online.ru/catalog/zhenskoe/sumki_zhenskie/sumka_zhenskaya_mh_7757/
Сумка женская MH 5528,5 480,6 850,https://sakvoyazh-online.ru/catalog/zhenskoe/sumki_zhenskie/sumka_zhenskaya_mh_5528/
Сумка женская MH 5522,7 080,8 850,https://sakvoyazh-online.ru/catalog/zhenskoe/sumki_zhenskie/sumka_zhenskaya_mh_5522/
Сумка женская MH 5520,7 240,9 050,https://sakvoyazh-online.ru/catalog/zhenskoe/sumki_zhenskie/sumka_zhenskaya_mh_5520/
Сумка женская MH 3158,6 800,8 500,https://sakvoyazh-online.ru/catalog/zhenskoe/sumki_zhenskie/sumka_zhenskaya_mh_3158/
Сумка женская MH 3155,7 080,8 850,https://sakvoyazh-online.ru/catalog/zhenskoe/sumki_zhenskie/sumka_zhenskaya_mh_3155/
Сумка женская MH 3076,5 080,6 350,https://sakvoyazh-online.ru/catalog/zhenskoe/sumki_zhenskie/sumka_zhenskaya_mh_3076/
Сумка женская MH 891,5 600,7 000,https://sakvoyazh-online.ru/catalog/zhenskoe/sumki_zhenskie/sumka_zhenskaya_mh_891/
Сумка женская MH 8900,3 960,4 950,https://sakvoyazh-online.ru/catalog/zhenskoe/sumki_zhenskie/sumka_zhenskaya_mh_8900/
Сумка женская MH 8633,4 280,5 350,https://sakvoyazh-online.ru/catalog/zhenskoe/sumki_zhenskie/sumka_zhenskaya_mh_8633/
Сумка женская MH 9318,5 080,6 350,https://sakvoyazh-online.ru/catalog/zhenskoe/sumki_zhenskie/sumka_zhenskaya_mh_9318/
Сумка женская MH 5231,4 920,6 150,https://sakvoyazh-online.ru/catalog/zhenskoe/sumki_zhenskie/sumka_zhenskaya_mh_5231/
Рюкзак женский 122 Z-0017,5 592,6 990,https://sakvoyazh-online.ru/catalog/zhenskoe/sumki_zhenskie/ryukzak_zhenskiy_122_z_0017/
Сумка женская 122 FG-8247,5 440,6 800,https://sakvoyazh-online.ru/catalog/zhenskoe/sumki_zhenskie/sumka_zhenskaya_122_fg_8247/
Сумка женская 122 5-3036,5 040,6 300,https://sakvoyazh-online.ru/catalog/zhenskoe/sumki_zhenskie/sumka_zhenskaya_122_5_3036/
Сумка женская 122 21-26,5 840,7 300,https://sakvoyazh-online.ru/catalog/zhenskoe/sumki_zhenskie/sumka_zhenskaya_122_21_26/
Сумка женская 122 900625,5 440,6 800,https://sakvoyazh-online.ru/catalog/zhenskoe/sumki_zhenskie/sumka_zhenskaya_122_900625/
Сумка женская 122 88320,4 240,5 300,https://sakvoyazh-online.ru/catalog/zhenskoe/sumki_zhenskie/sumka_zhenskaya_122_88320/
Сумка женская 122 FG-8203,3 440,4 300,https://sakvoyazh-online.ru/catalog/zhenskoe/sumki_zhenskie/sumka_zhenskaya_122_fg_8203/
Сумка женская 122 FG-8053,4 080,5 100,https://sakvoyazh-online.ru/catalog/zhenskoe/sumki_zhenskie/sumka_zhenskaya_122_fg_8053/
Сумка женская 122 682,5 440,6 800,https://sakvoyazh-online.ru/catalog/zhenskoe/sumki_zhenskie/sumka_zhenskaya_122_682/
Сумка женская 122 900516,5 592,6 990,https://sakvoyazh-online.ru/catalog/zhenskoe/sumki_zhenskie/sumka_zhenskaya_122_900516/
Сумка женская 122 70213,5 592,6 990,https://sakvoyazh-online.ru/catalog/zhenskoe/sumki_zhenskie/sumka_zhenskaya_122_70213/
Сумка женская 122 FG-8265,5 440,6 800,https://sakvoyazh-online.ru/catalog/zhenskoe/sumki_zhenskie/sumka_zhenskaya_122_fg_8265/
Сумка женская 122 FG-8258,5 040,6 300,https://sakvoyazh-online.ru/catalog/zhenskoe/sumki_zhenskie/sumka_zhenskaya_122_fg_8258/
Сумка женская 122 6625,4 080,5 100,https://sakvoyazh-online.ru/catalog/zhenskoe/sumki_zhenskie/sumka_zhenskaya_122_6625/
Сумка женская 122 6619,5 240,6 550,https://sakvoyazh-online.ru/catalog/zhenskoe/sumki_zhenskie/sumka_zhenskaya_122_6619/
Сумка женская 122 6618,5 240,6 550,https://sakvoyazh-online.ru/catalog/zhenskoe/sumki_zhenskie/sumka_zhenskaya_122_6618/
Сумка женская 122 AL-6612,5 440,6 800,https://sakvoyazh-online.ru/catalog/zhenskoe/sumki_zhenskie/sumka_zhenskaya_122_al_6612/
Сумка женская 122 2031,5 440,6 800,https://sakvoyazh-online.ru/catalog/zhenskoe/sumki_zhenskie/sumka_zhenskaya_122_2031/
Сумка женская 122 2027,5 640,7 050,https://sakvoyazh-online.ru/catalog/zhenskoe/sumki_zhenskie/sumka_zhenskaya_122_2027/
Сумка женская 122 6001,4 640,5 800,https://sakvoyazh-online.ru/catalog/zhenskoe/sumki_zhenskie/sumka_zhenskaya_122_6001/
Сумка женская 122 8200,5 240,6 550,https://sakvoyazh-online.ru/catalog/zhenskoe/sumki_zhenskie/sumka_zhenskaya_122_8200/
Рюкзак MH 8717,3 840,4 800,https://sakvoyazh-online.ru/catalog/zhenskoe/sumki_zhenskie/ryukzak_mh_8717/
Рюкзак женский 1201 AL6603,4 799.20,5 999,https://sakvoyazh-online.ru/catalog/zhenskoe/sumki_zhenskie/ryukzak_zhenskiy_1201_al6603/
Сумка женская 1201 C5049,3 640,4 550,https://sakvoyazh-online.ru/catalog/zhenskoe/sumki_zhenskie/sumka_zhenskaya_1201_c5049/
Сумка женская 1201 900602,5 440,6 800,https://sakvoyazh-online.ru/catalog/zhenskoe/sumki_zhenskie/sumka_zhenskaya_1201_900602/
Сумка женская 1201 5-3031,5 240,6 550,https://sakvoyazh-online.ru/catalog/zhenskoe/sumki_zhenskie/sumka_zhenskaya_1201_5_3031/
Сумка женская 1201 88316,3 440,4 300,https://sakvoyazh-online.ru/catalog/zhenskoe/sumki_zhenskie/sumka_zhenskaya_1201_88316/
Сумка женская 1201 AL81265,3 999.20,4 999,https://sakvoyazh-online.ru/catalog/zhenskoe/sumki_zhenskie/sumka_zhenskaya_1201_al81265/
Сумка женская 1201 77298,5 840,7 300,https://sakvoyazh-online.ru/catalog/zhenskoe/sumki_zhenskie/sumka_zhenskaya_1201_77298/
Сумка женская 1201 20327,5 840,7 300,https://sakvoyazh-online.ru/catalog/zhenskoe/sumki_zhenskie/sumka_zhenskaya_1201_20327/
Сумка женская 1201 20325,5 440,6 800,https://sakvoyazh-online.ru/catalog/zhenskoe/sumki_zhenskie/sumka_zhenskaya_1201_20325/
Сумка женская 1201 18885,5 240,6 550,https://sakvoyazh-online.ru/catalog/zhenskoe/sumki_zhenskie/sumka_zhenskaya_1201_18885/
Сумка женская 1201 15165,4 799.20,5 999,https://sakvoyazh-online.ru/catalog/zhenskoe/sumki_zhenskie/sumka_zhenskaya_1201_15165/
Сумка женская 1201 8370,5 840,7 300,https://sakvoyazh-online.ru/catalog/zhenskoe/sumki_zhenskie/sumka_zhenskaya_1201_8370/
Сумка женская 1201 8251,4 640,5 800,https://sakvoyazh-online.ru/catalog/zhenskoe/sumki_zhenskie/sumka_zhenskaya_1201_8251/
Сумка женская 1201 8186,5 440,6 800,https://sakvoyazh-online.ru/catalog/zhenskoe/sumki_zhenskie/sumka_zhenskaya_1201_8186/
Сумка женская 1201 8185,4 440,5 550,https://sakvoyazh-online.ru/catalog/zhenskoe/sumki_zhenskie/sumka_zhenskaya_1201_8185/
Сумка женская 1201 6909,3 199.20,3 999,https://sakvoyazh-online.ru/catalog/zhenskoe/sumki_zhenskie/sumka_zhenskaya_1201_6909/
Сумка женская 1201 6799,4 799.20,5 999,https://sakvoyazh-online.ru/catalog/zhenskoe/sumki_zhenskie/sumka_zhenskaya_1201_6799/
Рюкзак женский 1201 S724,4 799.20,5 999,https://sakvoyazh-online.ru/catalog/zhenskoe/sumki_zhenskie/ryukzak_zhenskiy_1201_s724/
Сумка женская 1201 6039,5 240,6 550,https://sakvoyazh-online.ru/catalog/zhenskoe/sumki_zhenskie/sumka_zhenskaya_1201_6039/
Сумка женская 1201 S722,4 920,6 150,https://sakvoyazh-online.ru/catalog/zhenskoe/sumki_zhenskie/sumka_zhenskaya_1201_s722/
Сумка женская 1201 2024,5 840,7 300,https://sakvoyazh-online.ru/catalog/zhenskoe/sumki_zhenskie/sumka_zhenskaya_1201_2024/
Сумка женская 1201 686,5 040,6 300,https://sakvoyazh-online.ru/catalog/zhenskoe/sumki_zhenskie/sumka_zhenskaya_1201_686/
Сумка женская 1201 683,4 799.20,5 999,https://sakvoyazh-online.ru/catalog/zhenskoe/sumki_zhenskie/sumka_zhenskaya_1201_683/
Сумка женская 1201 0032,4 360,5 450,https://sakvoyazh-online.ru/catalog/zhenskoe/sumki_zhenskie/sumka_zhenskaya_1201_0032/
Сумка женская 1201 6618,5 040,6 300,https://sakvoyazh-online.ru/catalog/zhenskoe/sumki_zhenskie/sumka_zhenskaya_1201_6618/
Сумка женская 1201 6616,4 640,5 800,https://sakvoyazh-online.ru/catalog/zhenskoe/sumki_zhenskie/sumka_zhenskaya_1201_6616/
Сумка женская 1201 2017,5 040,6 300,https://sakvoyazh-online.ru/catalog/zhenskoe/sumki_zhenskie/sumka_zhenskaya_1201_2017/
Сумка женская 1201 2015,5 440,6 800,https://sakvoyazh-online.ru/catalog/zhenskoe/sumki_zhenskie/sumka_zhenskaya_1201_2015/
Сумка женская B3-288 35930,1 920,2 400,https://sakvoyazh-online.ru/catalog/zhenskoe/sumki_zhenskie/sumka_zhenskaya_b3_288_35930/
Сумка женская B3-288 3011,1 200,1 500,https://sakvoyazh-online.ru/catalog/zhenskoe/sumki_zhenskie/sumka_zhenskaya_b3_288_3011/
Сумка женская B3-288 3006,1 160,1 450,https://sakvoyazh-online.ru/catalog/zhenskoe/sumki_zhenskie/sumka_zhenskaya_b3_288_3006/
Сумка женская B3-288 9821,2 040,2 550,https://sakvoyazh-online.ru/catalog/zhenskoe/sumki_zhenskie/sumka_zhenskaya_b3_288_9821/
Сумка женская MH 8798-9,5 200,6 500,https://sakvoyazh-online.ru/catalog/zhenskoe/sumki_zhenskie/sumka_zhenskaya_mh_8798_9/
Сумка женская MH 9266,4 880,6 100,https://sakvoyazh-online.ru/catalog/zhenskoe/sumki_zhenskie/sumka_zhenskaya_mh_9266/
Сумка женская MH 8794-9,5 200,6 500,https://sakvoyazh-online.ru/catalog/zhenskoe/sumki_zhenskie/sumka_zhenskaya_mh_8794_9/
Сумка женская Z207 9567,2 520,3 150,https://sakvoyazh-online.ru/catalog/zhenskoe/sumki_zhenskie/sumka_zhenskaya_z207_9567/
Сумка женская Z207 6025-9,2 320,2 900,https://sakvoyazh-online.ru/catalog/zhenskoe/sumki_zhenskie/sumka_zhenskaya_z207_6025_9/
Сумка женская BW-0471,9 760,12 200,https://sakvoyazh-online.ru/catalog/zhenskoe/sumki_zhenskie/sumka_zhenskaya_bw_0471/
Сумка женская 1201 900571,5 040,6 300,https://sakvoyazh-online.ru/catalog/zhenskoe/sumki_zhenskie/sumka_zhenskaya_1201_900571/
Сумка женская 1201 2016,4 080,5 100,https://sakvoyazh-online.ru/catalog/zhenskoe/sumki_zhenskie/sumka_zhenskaya_1201_2016/
Сумка женская RW-0805-1,12 560./,15 700,https://sakvoyazh-online.ru/catalog/zhenskoe/sumki_zhenskie/sumka_zhenskaya_rw_0805_1/
Рюкзак женский RW-1137-1,11 320./,14 150,https://sakvoyazh-online.ru/catalog/zhenskoe/sumki_zhenskie/ryukzak_zhenskiy_rw_1137_1/
Сумка женская RW-0802-1,12 560./,15 700,https://sakvoyazh-online.ru/catalog/zhenskoe/sumki_zhenskie/sumka_zhenskaya_rw_0802_1/
Сумка женская BW-0460,10 280./,12 850,https://sakvoyazh-online.ru/catalog/zhenskoe/sumki_zhenskie/sumka_zhenskaya_bw_0460/
Сумка женская I2026 DY9011,7 760,9 700,https://sakvoyazh-online.ru/catalog/zhenskoe/sumki_zhenskie/sumka_zhenskaya_i2026_dy9011/
Сумка женская I2026 DY9012,7 992,9 990,https://sakvoyazh-online.ru/catalog/zhenskoe/sumki_zhenskie/sumka_zhenskaya_i2026_dy9012/
Сумка женская BW-0458,8 000,10 000,https://sakvoyazh-online.ru/catalog/zhenskoe/sumki_zhenskie/sumka_zhenskaya_bw_0458/
Сумка женская BW-0428,5 880,7 350,https://sakvoyazh-online.ru/catalog/zhenskoe/sumki_zhenskie/sumka_zhenskaya_bw_0428/
Сумка женская BW-0283,9 640,12 050,https://sakvoyazh-online.ru/catalog/zhenskoe/sumki_zhenskie/sumka_zhenskaya_bw_0283/
Сумка женская BW-0167,6 040,7 550,https://sakvoyazh-online.ru/catalog/zhenskoe/sumki_zhenskie/sumka_zhenskaya_bw_0167/
Сумка женская 122 5006,5 592,6 990,https://sakvoyazh-online.ru/catalog/zhenskoe/sumki_zhenskie/sumka_zhenskaya_122_5006/
Сумка женская 1201 20338,5 440,6 800,https://sakvoyazh-online.ru/catalog/zhenskoe/sumki_zhenskie/sumka_zhenskaya_1201_20338/
Сумка женская 1201 908,3 840,4 800,https://sakvoyazh-online.ru/catalog/zhenskoe/sumki_zhenskie/sumka_zhenskaya_1201_908/
Сумка женская 1201 3016,6 040,7 550,https://sakvoyazh-online.ru/catalog/zhenskoe/sumki_zhenskie/sumka_zhenskaya_1201_3016/
Сумка женская 159 1932,4 640,5 800,https://sakvoyazh-online.ru/catalog/zhenskoe/sumki_zhenskie/sumka_zhenskaya_159_1932/
Сумка женская на пояс 2996 9093,1 592,1 990,https://sakvoyazh-online.ru/catalog/zhenskoe/sumki_zhenskie/sumka_zhenskaya_na_poyas_2996_9093/
Сумка женская 12A39 Y9350,8 680,10 850,https://sakvoyazh-online.ru/catalog/zhenskoe/sumki_zhenskie/sumka_zhenskaya_12a39_y9350/
Рюкзак женский BW-0441,8 600,10 750,https://sakvoyazh-online.ru/catalog/zhenskoe/sumki_zhenskie/ryukzak_zhenskiy_bw_0441/
Сумка женская MH 8729-3,3 640,4 550,https://sakvoyazh-online.ru/catalog/zhenskoe/sumki_zhenskie/sumka_zhenskaya_mh_8729_3/
Рюкзак женский MH 8628,4 280,5 350,https://sakvoyazh-online.ru/catalog/zhenskoe/sumki_zhenskie/ryukzak_zhenskiy_mh_8628/
Сумка женская MH 8779-9,4 799.20,5 999,https://sakvoyazh-online.ru/catalog/zhenskoe/sumki_zhenskie/sumka_zhenskaya_mh_8779_9/
Сумка женская 1201 8128,4 960,6 200,https://sakvoyazh-online.ru/catalog/zhenskoe/sumki_zhenskie/sumka_zhenskaya_1201_8128/
Сумка женская 122 81235,5 000,6 250,https://sakvoyazh-online.ru/catalog/zhenskoe/sumki_zhenskie/sumka_zhenskaya_122_81235/
Сумка женская 122 77292,5 400,6 750,https://sakvoyazh-online.ru/catalog/zhenskoe/sumki_zhenskie/sumka_zhenskaya_122_77292/
Рюкзак женский 1201 9180,6 360,7 950,https://sakvoyazh-online.ru/catalog/zhenskoe/sumki_zhenskie/ryukzak_zhenskiy_1201_9180/
Сумка женская 1201 2002,4 792,5 990,https://sakvoyazh-online.ru/catalog/zhenskoe/sumki_zhenskie/sumka_zhenskaya_1201_2002/
Сумка женская 1201 8195,4 640,5 800,https://sakvoyazh-online.ru/catalog/zhenskoe/sumki_zhenskie/sumka_zhenskaya_1201_8195/
Рюкзак женский 1201 2290,5 592,6 990,https://sakvoyazh-online.ru/catalog/zhenskoe/sumki_zhenskie/ryukzak_zhenskiy_1201_2290/
Сумка женская MH 8713,3 840,4 800,https://sakvoyazh-online.ru/catalog/zhenskoe/sumki_zhenskie/sumka_zhenskaya_mh_8713/
Сумка женская MH 8650,3 800,4 750,https://sakvoyazh-online.ru/catalog/zhenskoe/sumki_zhenskie/sumka_zhenskaya_mh_8650/
Сумка женская MH 6668-9,4 720,5 900,https://sakvoyazh-online.ru/catalog/zhenskoe/sumki_zhenskie/sumka_zhenskaya_mh_6668_9/
Сумка женская MH 8793-9,4 240,5 300,https://sakvoyazh-online.ru/catalog/zhenskoe/sumki_zhenskie/sumka_zhenskaya_mh_8793_9/
Рюкзак MH 8360,4 280,5 350,https://sakvoyazh-online.ru/catalog/zhenskoe/sumki_zhenskie/ryukzak_mh_8360/
Рюкзак MH 8504-7,4 080,5 100,https://sakvoyazh-online.ru/catalog/zhenskoe/sumki_zhenskie/ryukzak_mh_8504_7/
Рюкзак MH 8632,3 920,4 900,https://sakvoyazh-online.ru/catalog/zhenskoe/sumki_zhenskie/ryukzak_mh_8632/
Сумка женская MH 8729,3 400,4 250,https://sakvoyazh-online.ru/catalog/zhenskoe/sumki_zhenskie/sumka_zhenskaya_mh_8729/
Сумка женская MH 8785-9,4 200,5 250,https://sakvoyazh-online.ru/catalog/zhenskoe/sumki_zhenskie/sumka_zhenskaya_mh_8785_9/
Сумка женская BW-0375,12 320./,15 400,https://sakvoyazh-online.ru/catalog/zhenskoe/sumki_zhenskie/sumka_zhenskaya_bw_0375/
Сумка женская MH 8778-9,4 240,5 300,https://sakvoyazh-online.ru/catalog/zhenskoe/sumki_zhenskie/sumka_zhenskaya_mh_8778_9/
Рюкзак MH 8504-4,3 800,4 750,https://sakvoyazh-online.ru/catalog/zhenskoe/sumki_zhenskie/ryukzak_mh_8504_4/
Сумка женская BW-0319,11 600./,14 500,https://sakvoyazh-online.ru/catalog/zhenskoe/sumki_zhenskie/sumka_zhenskaya_bw_0319/
Сумка женская BW-0301,12 320./,15 400,https://sakvoyazh-online.ru/catalog/zhenskoe/sumki_zhenskie/sumka_zhenskaya_bw_0301/
Сумка женская BW-0156,11 080./,13 850,https://sakvoyazh-online.ru/catalog/zhenskoe/sumki_zhenskie/sumka_zhenskaya_bw_0156/
Сумка женская MH 8709,3 640,4 550,https://sakvoyazh-online.ru/catalog/zhenskoe/sumki_zhenskie/sumka_zhenskaya_mh_8709/
Рюкзак MH 3206,3 800,4 750,https://sakvoyazh-online.ru/catalog/zhenskoe/sumki_zhenskie/ryukzak_mh_3206/
Рюкзак MH 8504,3 720,4 650,https://sakvoyazh-online.ru/catalog/zhenskoe/sumki_zhenskie/ryukzak_mh_8504/
Сумка женская 122 900362,5 000,6 250,https://sakvoyazh-online.ru/catalog/zhenskoe/sumki_zhenskie/sumka_zhenskaya_122_900362/
Сумка женская 122 6018,4 792,5 990,https://sakvoyazh-online.ru/catalog/zhenskoe/sumki_zhenskie/sumka_zhenskaya_122_6018/
Сумка женская 122 9228,5 000,6 250,https://sakvoyazh-online.ru/catalog/zhenskoe/sumki_zhenskie/sumka_zhenskaya_122_9228/
Сумка женская 122 2202,5 400,6 750,https://sakvoyazh-online.ru/catalog/zhenskoe/sumki_zhenskie/sumka_zhenskaya_122_2202/
Сумка женская 1201 8159,3 240,4 050,https://sakvoyazh-online.ru/catalog/zhenskoe/sumki_zhenskie/sumka_zhenskaya_1201_8159/
Сумка женская MH 8783,3 520,4 400,https://sakvoyazh-online.ru/catalog/zhenskoe/sumki_zhenskie/sumka_zhenskaya_mh_8783/
Сумка женская MH 8773,3 800,4 750,https://sakvoyazh-online.ru/catalog/zhenskoe/sumki_zhenskie/sumka_zhenskaya_mh_8773/
Сумка женская 122 77252,4 240,5 300,https://sakvoyazh-online.ru/catalog/zhenskoe/sumki_zhenskie/sumka_zhenskaya_122_77252/
Сумка женская 1201 8139,4 760,5 950,https://sakvoyazh-online.ru/catalog/zhenskoe/sumki_zhenskie/sumka_zhenskaya_1201_8139/
Сумка женская MH 8774,4 240,5 300,https://sakvoyazh-online.ru/catalog/zhenskoe/sumki_zhenskie/sumka_zhenskaya_mh_8774/
Сумка женская MH 8778,3 680,4 600,https://sakvoyazh-online.ru/catalog/zhenskoe/sumki_zhenskie/sumka_zhenskaya_mh_8778/
Сумка женская MH 8777-9,4 799.20,5 999,https://sakvoyazh-online.ru/catalog/zhenskoe/sumki_zhenskie/sumka_zhenskaya_mh_8777_9/
Сумка женская MH 8721,3 280,4 100,https://sakvoyazh-online.ru/catalog/zhenskoe/sumki_zhenskie/sumka_zhenskaya_mh_8721/
Сумка женская MH 8711,3 840,4 800,https://sakvoyazh-online.ru/catalog/zhenskoe/sumki_zhenskie/sumka_zhenskaya_mh_8711/
Рюкзак женский BW-0130,13 880./,17 350,https://sakvoyazh-online.ru/catalog/zhenskoe/sumki_zhenskie/ryukzak_zhenskiy_bw_0130/
Рюкзак женский BW-0420,9 320,11 650,https://sakvoyazh-online.ru/catalog/zhenskoe/sumki_zhenskie/ryukzak_zhenskiy_bw_0420/
Сумка женская I2138 W-9187-1,8 640,10 800,https://sakvoyazh-online.ru/catalog/zhenskoe/sumki_zhenskie/sumka_zhenskaya_i2138_w_9187_1/
Сумка женская I2138 W-9202,5 160,6 450,https://sakvoyazh-online.ru/catalog/zhenskoe/sumki_zhenskie/sumka_zhenskaya_i2138_w_9202/
Сумка женская I2117 A-237,9 560,11 950,https://sakvoyazh-online.ru/catalog/zhenskoe/sumki_zhenskie/sumka_zhenskaya_i2117_a_237/
